"attribute","label","level","term","value","coef"
"governance","Corporate governance","Private, non-worker shareholders","",0,0
"governance","Corporate governance","Private, one owner","governancePrivate, one owner",1,0.0634283335447315
"governance","Corporate governance","Public, shareholders","governancePublic, shareholders",1,0.282978985637667
"governance","Corporate governance","Workers are shareholders","governanceWorkers are shareholders",1,0.414033302942223
"governance","Corporate governance","Workers on the board","governanceWorkers on the board",1,0.366705136762395
"governance","Corporate governance","Workers elect managers","governanceWorkers elect managers",1,0.197611268959329
"csr","Social responsibility","No CSR commitment","",0,0
"csr","Social responsibility","CSR commitment","csrCSR commitment",1,0.00496003618716698
"firm_size","Firm size (co-workers)","50","",0,0
"firm_size","Firm size (co-workers)","250","firm_size250",1,0.116828261473086
"firm_size","Firm size (co-workers)","500","firm_size500",1,0.0259669772929084
"firm_size","Firm size (co-workers)","1,000","firm_size1,000",1,-0.0161869302779203
"firm_size","Firm size (co-workers)","5,000","firm_size5,000",1,-0.030320347958206
"donations","Political contributions","Both parties","",0,0
"donations","Political contributions","Mostly Democrats","donationsMostly Democrats",1,-0.195094248830208
"donations","Political contributions","Mostly Republicans","donationsMostly Republicans",1,-0.203291043914961
"gender_owned","Gender of owners","Men","",0,0
"gender_owned","Gender of owners","Majority men","gender_ownedMajority men",1,0.0322640538645809
"gender_owned","Gender of owners","Majority women","gender_ownedMajority women",1,0.114818630861134
"gender_owned","Gender of owners","Women","gender_ownedWomen",1,0.150939050992143
"race_owned","Race of owners","All white","",0,0
"race_owned","Race of owners","Majority white","race_ownedMajority white",1,0.249834881003772
"race_owned","Race of owners","Majority people of color","race_ownedMajority people of color",1,0.275774382892877
"race_owned","Race of owners","All people of color","race_ownedAll people of color",1,0.241003000411121
"union","Unionization","Not unionized","",0,0
"union","Unionization","Unionized","unionUnionized",1,-0.0811316388049472
"training","Job training program","None","",0,0
"training","Job training program","Ex-felons","trainingEx-felons",1,-0.0890886752313497
"training","Job training program","Veterans","trainingVeterans",1,0.30648112873435
"training","Job training program","Mentally disabled","trainingMentally disabled",1,0.117233383842394
"income","Salary","$30k","log_salary",3.40119738166216,0.735254415309042
"income","Salary","$40k","log_salary",3.68887945411394,0.735254415309042
"income","Salary","$50k","log_salary",3.91202300542815,0.735254415309042
"income","Salary","$60k","log_salary",4.0943445622221,0.735254415309042
"income","Salary","$70k","log_salary",4.24849524204936,0.735254415309042
"income","Salary","$80k","log_salary",4.38202663467388,0.735254415309042
"income","Salary","$90k","log_salary",4.49980967033027,0.735254415309042
"income","Salary","$100k","log_salary",4.60517018598809,0.735254415309042
"income","Salary","$110k","log_salary",4.70048036579242,0.735254415309042
"income","Salary","$120k","log_salary",4.78749174278205,0.735254415309042
"income","Salary","$130k","log_salary",4.86753445045558,0.735254415309042
"income","Salary","$140k","log_salary",4.9416424226093,0.735254415309042
"income","Salary","$150k","log_salary",5.01063529409626,0.735254415309042
"income","Salary","$160k","log_salary",5.07517381523383,0.735254415309042
"income","Salary","$170k","log_salary",5.13579843705026,0.735254415309042
"income","Salary","$180k","log_salary",5.19295685089021,0.735254415309042
"income","Salary","$190k","log_salary",5.24702407216049,0.735254415309042
"income","Salary","$200k","log_salary",5.29831736654804,0.735254415309042
"income","Salary","$210k","log_salary",5.34710753071747,0.735254415309042
"income","Salary","$220k","log_salary",5.39362754635236,0.735254415309042
"income","Salary","$230k","log_salary",5.4380793089232,0.735254415309042
"income","Salary","$240k","log_salary",5.48063892334199,0.735254415309042
"income","Salary","$250k","log_salary",5.52146091786225,0.735254415309042
"income","Salary","$260k","log_salary",5.56068163101553,0.735254415309042
"income","Salary","$270k","log_salary",5.59842195899838,0.735254415309042
"income","Salary","$280k","log_salary",5.63478960316925,0.735254415309042
"income","Salary","$290k","log_salary",5.66988092298052,0.735254415309042
"income","Salary","$300k","log_salary",5.7037824746562,0.735254415309042
"healthcare","Health insurance (employer pays)","50%","",0,0
"healthcare","Health insurance (employer pays)","75%","healthcare75%",1,0.278567479835666
"healthcare","Health insurance (employer pays)","100%","healthcare100%",1,0.364076683609357
"retirement","401k matching","0%","",0,0
"retirement","401k matching","25%","retirement25%",1,-0.0167999774801004
"retirement","401k matching","50%","retirement50%",1,0.212491954975303
"retirement","401k matching","75%","retirement75%",1,0.298787651220247
"retirement","401k matching","100%","retirement100%",1,0.367808109316449
"sick_leave","Paid sick leave","None","",0,0
"sick_leave","Paid sick leave","Two weeks","sick_leaveTwo weeks",1,0.240946569272151
"sick_leave","Paid sick leave","Unlimited","sick_leaveUnlimited",1,0.469402184316434
"parental_leave","Parental leave","None","",0,0
"parental_leave","Parental leave","Generous","parental_leaveGenerous",1,0.146905184909561
"hours","Hours per week","40","",0,0
"hours","Hours per week","50","hours50",1,-0.268992439594948
"hours","Hours per week","60","hours60",1,-0.436173717408729
"hours","Hours per week","70","hours70",1,-0.621789075457758
"hours","Hours per week","80","hours80",1,-0.888423823298176
"location","Location","Your city","",0,0
"location","Location","Different city","locationDifferent city",1,-0.241735842574499
"location","Location","Different city, pays to relocate","locationDifferent city, pays to relocate",1,-0.116157349945543
"remote","Work from home","Never","",0,0
"remote","Work from home","Sometimes","remoteSometimes",1,0.0941628692311416
"remote","Work from home","Primarily","remotePrimarily",1,0.25557903469999
"work_type","Type of task","Repetitive","",0,0
"work_type","Type of task","Mix","work_typeMix",1,0.0901278504748202
"work_type","Type of task","Creative","work_typeCreative",1,0.0676074183156228
"teamwork","Work with others","Mostly alone","",0,0
"teamwork","Work with others","Mix","teamworkMix",1,0.0699993789229802
"teamwork","Work with others","Mostly team","teamworkMostly team",1,0.0432034890541266
"culture","Workplace conditions","Generally unfriendly","",0,0
"culture","Workplace conditions","Somewhat unfriendly","cultureSomewhat unfriendly",1,0.0558329662036181
"culture","Workplace conditions","Somewhat friendly","cultureSomewhat friendly",1,0.522782256704625
"culture","Workplace conditions","Generally friendly","cultureGenerally friendly",1,0.551255373541962
