"","governancePrivate, one owner","governancePublic, shareholders","governanceWorkers are shareholders","governanceWorkers on the board","governanceWorkers elect managers","csrCSR commitment","firm_size250","firm_size500","firm_size1,000","firm_size5,000","donationsMostly Democrats","donationsMostly Republicans","gender_ownedMajority men","gender_ownedMajority women","gender_ownedWomen","race_ownedMajority white","race_ownedMajority people of color","race_ownedAll people of color","unionUnionized","trainingEx-felons","trainingVeterans","trainingMentally disabled","healthcare75%","healthcare100%","retirement25%","retirement50%","retirement75%","retirement100%","sick_leaveTwo weeks","sick_leaveUnlimited","parental_leaveGenerous","hours50","hours60","hours70","hours80","locationDifferent city","locationDifferent city, pays to relocate","remoteSometimes","remotePrimarily","work_typeMix","work_typeCreative","teamworkMix","teamworkMostly team","cultureSomewhat unfriendly","cultureSomewhat friendly","cultureGenerally friendly","log_salary"
"governancePrivate, one owner",0.0076922476,0.0037629316,0.0038464613,0.0039444866,0.0039094582,-4.6420089e-05,-4.6367563e-05,0.0001280936,-0.00016474964,0.00010856115,0.00017448754,0.00023078276,-0.00024006112,-4.7448033e-05,-0.00012968526,0.00017135347,-3.8498155e-05,-3.7935458e-05,0.00016122891,-2.085156e-05,0.00035320134,-5.8133419e-06,-0.00020041276,4.0459768e-06,0.00035738508,-0.00013724859,0.00017887625,0.00028004375,0.00027740519,8.2685392e-05,-0.00023433815,7.9496958e-05,-0.00011893834,1.0064805e-05,0.00014491386,0.00020221268,-0.0001623389,9.5432636e-05,0.00027083736,9.3963044e-05,-0.0001840923,-0.00046687712,-0.00025779971,0.00022170631,0.00012554204,0.00047540715,-7.7529083e-05
"governancePublic, shareholders",0.0037629316,0.0075777932,0.0038333671,0.0038356095,0.0042846925,0.00013933557,-0.00047180011,-0.00042139228,-0.00018449464,-0.00048402748,8.687471e-05,0.00015023597,-0.00047563363,9.8131948e-05,9.2872244e-05,0.00013805767,0.00017132788,0.00043791321,2.3815864e-05,4.5899827e-05,0.0001981537,0.00023659779,-0.0001677226,0.00012834332,0.00011811957,0.00020504636,-1.860268e-05,0.00047445384,0.00062646439,0.00049483793,-9.1445815e-05,-6.1355819e-05,-0.0001517015,0.0002393693,1.4113463e-05,-0.00026303089,-0.00019046145,0.00016340678,-3.3614944e-05,6.9686799e-05,-0.00010898532,-0.0005839621,-0.00037631133,0.00020709688,0.00027591772,0.00033975836,0.00021525028
"governanceWorkers are shareholders",0.0038464613,0.0038333671,0.0081626235,0.0039428327,0.0040330227,-5.3046741e-05,-0.00011706869,-0.00037561651,-0.00020712598,-0.00016130913,5.0180849e-05,-0.00014304303,-5.7403777e-05,3.450999e-05,0.00020316564,-0.00013177421,0.00011288947,-2.1543223e-06,-0.00018206776,4.8177452e-05,9.3300023e-05,-7.1773064e-05,4.6453037e-05,1.5323494e-05,0.00058060658,8.2263078e-05,0.00013046131,0.00029719393,0.00032234546,0.00045793887,-6.3948796e-05,-0.0004379356,-0.00056948926,-0.00030506605,-0.00054652062,0.00013636518,-0.0002590839,-5.0681792e-06,0.00018602993,0.00024780619,0.00010204103,-0.00016286118,-0.00011783786,0.00015212631,0.00049558872,0.00050407813,0.0003477258
"governanceWorkers on the board",0.0039444866,0.0038356095,0.0039428327,0.0080830516,0.0041715812,-9.2341596e-05,-0.00027062461,-0.00032712303,-0.00018355084,-0.00034960841,3.3480397e-05,-0.00026268664,-0.00023518787,-0.00013127993,5.5368269e-05,0.00040734107,0.00013237469,0.0002116914,0.0001663668,-9.7491107e-06,0.00022099937,-5.8880861e-05,3.640079e-05,-7.3092277e-05,0.0002264571,-0.00011207439,-2.9315846e-05,-0.00024490911,0.00032122554,0.00045576499,5.8137302e-05,3.9831637e-05,-3.37184e-05,0.00026759694,-8.5327643e-06,-0.00013433414,-0.00021782683,1.0900327e-05,6.1367303e-05,0.00016829449,0.00010187375,-0.00039782019,-0.0004809288,0.00049652291,0.00050740966,0.00066780806,0.00026673958
"governanceWorkers elect managers",0.0039094582,0.0042846925,0.0040330227,0.0041715812,0.0078118442,8.081141e-05,-0.00016457079,-0.00019104532,2.4057137e-05,-0.00042397805,-0.0001381399,-9.2371992e-05,-0.00061068967,-0.00046686137,-4.1429346e-05,0.00010504465,0.0001694562,0.00020642574,0.0003262354,-3.2622753e-05,0.00034842813,0.00014243462,-7.1896439e-05,0.00016065028,0.0003155803,2.364604e-05,0.0003064522,0.00020996129,0.00011751755,0.00046213675,-0.00016685463,-6.2862715e-05,-0.00011854506,0.00010047958,3.8637935e-07,-0.00015090343,-0.00035410066,3.0216418e-06,8.3198685e-05,0.00021522871,8.8157027e-05,-0.00064829824,-0.00057659496,0.00017739899,0.00013231558,0.0002005938,0.00015336647
"csrCSR commitment",-4.6420089e-05,0.00013933557,-5.3046741e-05,-9.2341596e-05,8.081141e-05,0.0025513647,-0.00016775623,5.6614757e-05,-8.9605822e-05,-2.3308483e-05,0.00021939569,-2.1303427e-05,-0.00014917804,0.00013335266,-1.3528262e-05,-0.00018213434,-7.1747295e-05,-1.9731948e-05,-0.00012745648,-5.743483e-05,4.7096885e-05,-0.00011116028,0.00023997206,0.0001773003,9.1707181e-05,0.00028560541,-1.9806186e-05,0.00020100388,7.0352201e-06,5.9175626e-05,-0.00015432693,0.00010851937,-3.8905604e-05,3.024263e-05,2.5774723e-05,-2.6496848e-05,-4.5630126e-05,-1.2573187e-05,1.7235957e-05,-1.6874291e-05,-0.00010529235,-0.00013857333,3.6281801e-05,-6.644366e-05,-0.0001950324,-7.0576589e-06,7.0829976e-05
"firm_size250",-4.6367563e-05,-0.00047180011,-0.00011706869,-0.00027062461,-0.00016457079,-0.00016775623,0.0060143424,0.0029154401,0.0030775916,0.0030457486,4.0603965e-05,-0.00027374203,0.00012091001,0.00031868087,0.0004041786,0.00019470254,-0.00011018559,3.1859185e-05,2.4878095e-05,4.7677436e-06,0.00024128773,-1.3411005e-05,-0.00026556205,-0.00038133374,-9.8282707e-05,-1.6119365e-05,0.00010108979,-6.7680922e-05,4.5114813e-05,3.6966598e-05,0.00019876298,5.8890804e-05,-0.00050924129,1.4858152e-05,-0.00011423217,0.00031934404,-2.8134797e-05,-6.4884394e-05,9.4746074e-05,5.6630419e-05,0.00016395103,-6.1205075e-05,0.00019406621,-2.8387959e-06,1.8587747e-06,-3.2284259e-05,-0.00022984885
"firm_size500",0.0001280936,-0.00042139228,-0.00037561651,-0.00032712303,-0.00019104532,5.6614757e-05,0.0029154401,0.0061065517,0.0031019587,0.0030724855,-0.00022533879,-9.0573611e-05,6.9418701e-05,0.00048063902,0.00039044003,9.95281e-05,5.1270473e-05,-0.0001011509,2.4451292e-05,-0.0001521263,-0.00020547817,-8.859427e-05,2.854891e-05,-0.00011168335,-8.8900825e-05,2.3851923e-05,2.8892351e-05,1.5069679e-05,-3.8374963e-05,-0.00011728474,0.00010168214,7.3725482e-05,-0.0001368154,-0.00040408168,-0.00018228022,0.00010928974,0.00012036337,-4.1093508e-05,-4.7434334e-05,-0.00026605976,-3.1799083e-05,-0.00026168303,-7.2228116e-05,-8.9846551e-05,-1.4203082e-05,3.7931183e-05,-0.0001750416
"firm_size1,000",-0.00016474964,-0.00018449464,-0.00020712598,-0.00018355084,2.4057137e-05,-8.9605822e-05,0.0030775916,0.0031019587,0.0063319152,0.00315604,0.00017539134,0.00012475645,-0.00027849208,0.00021087892,0.00036579645,0.00031596434,0.00018279038,0.00013043975,-9.4257226e-05,-0.00015189757,-0.00025176828,-0.00016619298,-0.00011182303,-0.00021355634,-0.00030773653,0.00018062553,6.6203691e-05,-2.0661305e-05,-0.00018825619,-0.00010413412,0.00015979551,0.00016159726,-0.00015555748,3.388128e-05,-7.9831747e-05,0.0002257809,-3.55718e-05,-9.3104193e-05,6.3250494e-05,-8.9309367e-05,4.3600475e-05,-0.00017562866,-0.00013327953,-4.6864228e-05,-2.3247723e-07,1.6931371e-05,-6.7023553e-05
"firm_size5,000",0.00010856115,-0.00048402748,-0.00016130913,-0.00034960841,-0.00042397805,-2.3308483e-05,0.0030457486,0.0030724855,0.00315604,0.0061297695,-0.00026420403,-0.00023321887,-3.9466802e-05,0.00032704814,0.00022672256,0.00038379137,2.4811855e-05,0.00021175813,-0.00011113824,0.00010063977,5.2764381e-05,-5.5229061e-05,7.9985083e-05,-0.0001039117,-0.00010664924,1.383588e-05,-4.5594888e-05,0.00010235893,0.00025979743,-1.9629037e-05,0.00022821581,0.00025538337,-4.9347638e-05,6.1557485e-05,1.1955478e-05,0.00019933208,9.1484501e-05,0.00010983129,0.00032027305,-2.1947427e-05,-6.9896221e-07,-0.0001364666,-5.945323e-05,3.8644877e-05,-0.000218664,-0.00015883072,-0.00012861516
"donationsMostly Democrats",0.00017448754,8.687471e-05,5.0180849e-05,3.3480397e-05,-0.0001381399,0.00021939569,4.0603965e-05,-0.00022533879,0.00017539134,-0.00026420403,0.0042954186,0.0017828815,8.1974283e-05,6.1080591e-05,-1.0720233e-05,0.00028271789,0.00028204867,0.00043096999,0.00023118545,-0.0001062595,-1.6274399e-05,0.00018603114,9.8848708e-05,0.00015611485,0.00026330066,0.00019191394,0.00015488038,0.00014821556,0.00011740559,4.0575108e-05,-9.7042873e-05,-0.00010377795,-0.0001912812,-8.3558474e-05,5.8213487e-06,4.5110364e-05,2.0395928e-05,3.4035596e-05,-0.0003205843,0.00035503009,4.9725658e-05,0.00019128676,0.00015565021,3.0492654e-05,-0.00010432808,0.00015062773,6.3720086e-05
"donationsMostly Republicans",0.00023078276,0.00015023597,-0.00014304303,-0.00026268664,-9.2371992e-05,-2.1303427e-05,-0.00027374203,-9.0573611e-05,0.00012475645,-0.00023321887,0.0017828815,0.0041271433,-0.00017828048,-0.00039586182,-9.5918648e-05,0.00015493407,0.00020787183,-1.1194815e-05,-4.3597961e-05,-5.3570215e-05,-3.7267147e-05,0.00022673797,-8.5365927e-05,-0.00018102804,0.00024239163,-7.7251174e-05,-4.4114689e-05,0.00012411743,0.00024159597,-0.00022832788,-0.00020752092,4.9404347e-05,1.9256009e-05,0.00015848995,9.3308249e-05,-1.4960646e-06,-2.2941652e-05,0.00020548284,-0.00031867622,-2.5785166e-05,1.6814027e-05,-7.0538053e-05,3.3582424e-05,-0.00014319199,-0.00024792559,-0.00012571124,-7.8691653e-05
"gender_ownedMajority men",-0.00024006112,-0.00047563363,-5.7403777e-05,-0.00023518787,-0.00061068967,-0.00014917804,0.00012091001,6.9418701e-05,-0.00027849208,-3.9466802e-05,8.1974283e-05,-0.00017828048,0.0052528419,0.0027526534,0.0026489799,-0.0001414723,-0.00012056121,6.6580483e-05,6.2734156e-05,0.00020672912,1.422619e-05,0.00016314335,8.9630552e-05,0.00016515425,0.00016435382,0.00027561995,9.854066e-05,0.00028360965,-0.00013538991,0.00011216165,-7.2864985e-05,-0.00024877657,-8.4902836e-05,-3.9014851e-05,-0.00014402088,4.8253638e-05,2.9447463e-05,0.00031073688,0.00039589537,0.00011715448,0.00017415152,8.5098136e-05,6.2314035e-06,-6.9233729e-05,-0.00028227338,-0.00021449005,1.2802615e-05
"gender_ownedMajority women",-4.7448033e-05,9.8131948e-05,3.450999e-05,-0.00013127993,-0.00046686137,0.00013335266,0.00031868087,0.00048063902,0.00021087892,0.00032704814,6.1080591e-05,-0.00039586182,0.0027526534,0.0051740574,0.0028262485,-0.00013798111,-0.00024576933,-0.00015726586,9.9495346e-05,-0.00035077362,-0.00022100225,-0.0001413735,-0.00017772088,9.7607104e-05,0.00040480599,0.00048114806,0.00034470263,0.00052176205,0.00014527325,2.5489804e-05,-2.1032421e-05,-0.00049968585,-0.00026371497,-0.00030348107,-0.00034014641,-0.00019907748,-0.00015814889,0.00029780316,0.00029826939,-2.3574733e-05,1.9502679e-05,-5.0831643e-05,4.7742838e-05,4.9050654e-05,-7.6452302e-05,0.00029339318,0.00018793789
"gender_ownedWomen",-0.00012968526,9.2872244e-05,0.00020316564,5.5368269e-05,-4.1429346e-05,-1.3528262e-05,0.0004041786,0.00039044003,0.00036579645,0.00022672256,-1.0720233e-05,-9.5918648e-05,0.0026489799,0.0028262485,0.0052114038,-0.00025932133,0.00014569096,-9.8123346e-06,5.6899632e-05,-0.00015639206,-4.9507529e-05,0.00013561179,-0.00011921642,3.8884108e-06,0.00028467666,0.00031723077,0.00047011831,0.00035375084,0.00025688754,0.00014163087,6.3879101e-06,-0.00011934754,0.00012386075,3.5378636e-05,9.6788584e-05,-0.00014874491,-0.00012470641,0.00015615588,0.00021587177,0.00017438655,0.00021209805,9.4910261e-05,0.00021835813,0.00015636456,-5.5982999e-05,7.5542448e-06,4.4682759e-05
"race_ownedMajority white",0.00017135347,0.00013805767,-0.00013177421,0.00040734107,0.00010504465,-0.00018213434,0.00019470254,9.95281e-05,0.00031596434,0.00038379137,0.00028271789,0.00015493407,-0.0001414723,-0.00013798111,-0.00025932133,0.0052841347,0.0026667743,0.0027950204,-7.9457903e-05,0.00026488253,0.00016320732,0.00034876299,0.0001785027,5.7147402e-05,0.00012953591,0.0002911762,-0.00011270926,-0.00015113444,3.357175e-05,-3.396522e-06,-3.0269467e-06,-0.000133239,-0.00033670147,0.00010900731,-0.00032730292,0.00015962561,0.00012064794,0.00011042503,5.0912106e-05,0.00017011743,9.3990416e-05,0.00010314312,0.00015535434,0.00012372525,0.00016640816,0.00017371628,0.00033608597
"race_ownedMajority people of color",-3.8498155e-05,0.00017132788,0.00011288947,0.00013237469,0.0001694562,-7.1747295e-05,-0.00011018559,5.1270473e-05,0.00018279038,2.4811855e-05,0.00028204867,0.00020787183,-0.00012056121,-0.00024576933,0.00014569096,0.0026667743,0.0054022131,0.0029938156,0.0001149324,-0.00016432762,-0.00019986524,9.0865153e-05,0.00010894155,9.1078844e-06,-7.197332e-05,0.00014866457,7.235102e-05,-1.0654295e-05,0.000100087,-6.6790219e-05,-6.7974609e-05,-6.1159914e-05,-0.00028477836,-0.00027143039,-0.00010273171,1.7753916e-05,4.030737e-05,0.0002961148,0.00021653828,-0.00030168677,-2.2630111e-05,-5.228289e-05,-8.6392036e-06,-3.598326e-05,8.0836558e-05,4.422895e-05,0.00029060741
"race_ownedAll people of color",-3.7935458e-05,0.00043791321,-2.1543223e-06,0.0002116914,0.00020642574,-1.9731948e-05,3.1859185e-05,-0.0001011509,0.00013043975,0.00021175813,0.00043096999,-1.1194815e-05,6.6580483e-05,-0.00015726586,-9.8123346e-06,0.0027950204,0.0029938156,0.0058823012,2.2911694e-06,0.0001557506,6.8002439e-05,0.0001543199,0.00025501179,0.00012632192,0.00013638454,0.0001489669,-4.7708937e-05,-9.2517896e-05,6.1018612e-05,-5.6252311e-05,-8.3009817e-05,0.00026588251,-4.602645e-05,-1.9364211e-05,-0.0001382271,7.1454932e-05,6.4090064e-05,0.00012592154,1.0951333e-06,7.5557257e-05,2.9517962e-05,-0.00017751063,6.6611874e-05,0.00012566032,9.0543761e-05,1.8284498e-05,0.00014372699
"unionUnionized",0.00016122891,2.3815864e-05,-0.00018206776,0.0001663668,0.0003262354,-0.00012745648,2.4878095e-05,2.4451292e-05,-9.4257226e-05,-0.00011113824,0.00023118545,-4.3597961e-05,6.2734156e-05,9.9495346e-05,5.6899632e-05,-7.9457903e-05,0.0001149324,2.2911694e-06,0.0028005546,5.0957042e-05,7.6067919e-05,0.00016053309,-5.0039431e-06,-7.7236381e-05,9.3772902e-05,9.4223033e-05,-1.8115531e-05,-0.00018079647,0.00014427002,1.4967775e-05,-4.6540071e-05,-0.00014491917,-4.1515159e-05,-0.0003143343,-0.00022173561,0.00017908054,0.00015530182,-2.6405959e-05,-4.7535944e-06,3.3135149e-05,4.9752471e-05,-0.00013523629,-8.5797109e-05,-0.0003894197,-0.00031228647,-0.00034756844,7.3408401e-05
"trainingEx-felons",-2.085156e-05,4.5899827e-05,4.8177452e-05,-9.7491107e-06,-3.2622753e-05,-5.743483e-05,4.7677436e-06,-0.0001521263,-0.00015189757,0.00010063977,-0.0001062595,-5.3570215e-05,0.00020672912,-0.00035077362,-0.00015639206,0.00026488253,-0.00016432762,0.0001557506,5.0957042e-05,0.0057865049,0.0023928684,0.0025561261,1.1944103e-06,-0.0001671835,-1.6539813e-05,0.00037129167,-0.00012900059,-0.00011663944,0.00015386587,7.7659936e-05,-2.2435648e-06,8.2018078e-05,3.1338107e-05,3.1633851e-05,-0.0002449527,3.0486577e-05,0.00010093536,0.00014312069,-2.1006338e-05,-2.9537175e-06,-0.00020742141,-0.00011667419,-0.00014641461,0.00021893015,0.00028711156,2.1818807e-05,-0.00021497292
"trainingVeterans",0.00035320134,0.0001981537,9.3300023e-05,0.00022099937,0.00034842813,4.7096885e-05,0.00024128773,-0.00020547817,-0.00025176828,5.2764381e-05,-1.6274399e-05,-3.7267147e-05,1.422619e-05,-0.00022100225,-4.9507529e-05,0.00016320732,-0.00019986524,6.8002439e-05,7.6067919e-05,0.0023928684,0.0050191028,0.0022375162,-0.0001919479,1.8389297e-05,5.3981276e-05,0.00021285043,-6.1867423e-05,-0.00015398367,0.00021872887,0.00018658904,-2.9605685e-05,0.00028281755,0.00029861341,0.00037328901,0.00014779433,9.372228e-05,0.00012643295,-7.3021957e-05,-2.7989963e-05,-1.8193582e-05,-0.00024169062,-2.4905568e-05,-0.00017795889,0.0002827961,0.00022893536,1.5476119e-05,-2.4847535e-05
"trainingMentally disabled",-5.8133419e-06,0.00023659779,-7.1773064e-05,-5.8880861e-05,0.00014243462,-0.00011116028,-1.3411005e-05,-8.859427e-05,-0.00016619298,-5.5229061e-05,0.00018603114,0.00022673797,0.00016314335,-0.0001413735,0.00013561179,0.00034876299,9.0865153e-05,0.0001543199,0.00016053309,0.0025561261,0.0022375162,0.0047716124,-0.00011166969,3.570511e-05,8.1745766e-05,0.0003961122,7.1426959e-05,0.00012055224,0.00013539672,0.00020519322,-7.8900279e-05,6.2198374e-05,-0.00010017526,0.00016462781,0.00015438996,-0.00014472206,-4.3172686e-05,7.3727508e-05,5.0263739e-05,-2.4567054e-06,-0.0001572963,-0.00021977111,-0.00017883701,0.00013177517,-0.00012597423,-0.00037795623,-2.7162277e-05
"healthcare75%",-0.00020041276,-0.0001677226,4.6453037e-05,3.640079e-05,-7.1896439e-05,0.00023997206,-0.00026556205,2.854891e-05,-0.00011182303,7.9985083e-05,9.8848708e-05,-8.5365927e-05,8.9630552e-05,-0.00017772088,-0.00011921642,0.0001785027,0.00010894155,0.00025501179,-5.0039431e-06,1.1944103e-06,-0.0001919479,-0.00011166969,0.003875025,0.0021564687,-8.1555409e-05,0.00021797903,-5.7614007e-05,0.00019742468,9.8711024e-05,4.1382844e-05,9.3610027e-05,3.7209441e-08,-0.00032818814,-0.00043700791,-5.6725211e-05,6.5583597e-05,3.4910819e-05,2.6113304e-05,-9.3379356e-05,0.00010928298,-3.8558444e-05,4.514199e-05,0.00024220129,-0.00011013838,0.00012489555,0.00028194298,0.0003101249
"healthcare100%",4.0459768e-06,0.00012834332,1.5323494e-05,-7.3092277e-05,0.00016065028,0.0001773003,-0.00038133374,-0.00011168335,-0.00021355634,-0.0001039117,0.00015611485,-0.00018102804,0.00016515425,9.7607104e-05,3.8884108e-06,5.7147402e-05,9.1078844e-06,0.00012632192,-7.7236381e-05,-0.0001671835,1.8389297e-05,3.570511e-05,0.0021564687,0.0041333388,-8.4743359e-05,0.00019565035,-7.2285623e-05,0.00015890036,-5.4911573e-06,0.00012978232,4.0471782e-05,-0.00013066681,-0.00038481482,-0.00033322666,-0.00034885601,7.8936513e-06,2.4516182e-05,-0.00019140487,-0.0003110663,-0.00012613446,-2.9127311e-05,-3.3444189e-06,3.6109659e-06,-3.9851933e-05,8.9963676e-05,0.00012092031,0.00031555357
"retirement25%",0.00035738508,0.00011811957,0.00058060658,0.0002264571,0.0003155803,9.1707181e-05,-9.8282707e-05,-8.8900825e-05,-0.00030773653,-0.00010664924,0.00026330066,0.00024239163,0.00016435382,0.00040480599,0.00028467666,0.00012953591,-7.197332e-05,0.00013638454,9.3772902e-05,-1.6539813e-05,5.3981276e-05,8.1745766e-05,-8.1555409e-05,-8.4743359e-05,0.0066412971,0.003225584,0.0031609618,0.0033999291,-7.2218599e-05,-9.8153945e-05,0.00011411514,-0.00016142868,-0.00015535137,0.00024329742,8.6397407e-05,0.00018866474,-8.5283736e-05,-9.9216665e-05,-3.8292585e-05,0.00059085617,6.8934138e-05,-0.0003114584,-0.00038225651,-0.0004547267,-0.00037970369,-0.00042035185,0.00011175047
"retirement50%",-0.00013724859,0.00020504636,8.2263078e-05,-0.00011207439,2.364604e-05,0.00028560541,-1.6119365e-05,2.3851923e-05,0.00018062553,1.383588e-05,0.00019191394,-7.7251174e-05,0.00027561995,0.00048114806,0.00031723077,0.0002911762,0.00014866457,0.0001489669,9.4223033e-05,0.00037129167,0.00021285043,0.0003961122,0.00021797903,0.00019565035,0.003225584,0.0063989473,0.003092881,0.0033531853,-3.6137301e-05,0.00013933,0.00020125756,-0.00025621787,-0.00014633571,9.930374e-05,-1.1895097e-05,1.1809248e-05,-0.00019523504,-5.715049e-05,5.5041093e-05,0.0001580576,-0.00013982617,-0.00012429194,1.7346768e-05,-0.00050367192,-0.00019222259,-0.00016215812,0.00023178422
"retirement75%",0.00017887625,-1.860268e-05,0.00013046131,-2.9315846e-05,0.0003064522,-1.9806186e-05,0.00010108979,2.8892351e-05,6.6203691e-05,-4.5594888e-05,0.00015488038,-4.4114689e-05,9.854066e-05,0.00034470263,0.00047011831,-0.00011270926,7.235102e-05,-4.7708937e-05,-1.8115531e-05,-0.00012900059,-6.1867423e-05,7.1426959e-05,-5.7614007e-05,-7.2285623e-05,0.0031609618,0.003092881,0.0063736474,0.0032622301,-0.00025140162,-0.00021279899,-0.00012246655,-0.00022769563,-0.00013022035,5.4049361e-05,9.5703531e-05,-7.9024026e-06,-9.3881349e-05,-0.00020745603,8.2236467e-06,0.00020735545,-5.6339191e-05,-0.00017169308,-0.00015353105,-0.00052533991,-0.00011593011,-0.0002205488,0.00030282028
"retirement100%",0.00028004375,0.00047445384,0.00029719393,-0.00024490911,0.00020996129,0.00020100388,-6.7680922e-05,1.5069679e-05,-2.0661305e-05,0.00010235893,0.00014821556,0.00012411743,0.00028360965,0.00052176205,0.00035375084,-0.00015113444,-1.0654295e-05,-9.2517896e-05,-0.00018079647,-0.00011663944,-0.00015398367,0.00012055224,0.00019742468,0.00015890036,0.0033999291,0.0033531853,0.0032622301,0.0066949948,4.5493398e-05,1.6979076e-05,-7.3162668e-05,-0.0002348197,-0.00035069196,-0.00019811642,-0.00010411135,-6.4620602e-05,-0.00024484691,1.6145948e-05,5.3721502e-06,0.00042939782,-0.00043784673,-0.00038848564,-0.00022257504,-0.0003565677,0.00016397651,-0.00016520204,0.00051583155
"sick_leaveTwo weeks",0.00027740519,0.00062646439,0.00032234546,0.00032122554,0.00011751755,7.0352201e-06,4.5114813e-05,-3.8374963e-05,-0.00018825619,0.00025979743,0.00011740559,0.00024159597,-0.00013538991,0.00014527325,0.00025688754,3.357175e-05,0.000100087,6.1018612e-05,0.00014427002,0.00015386587,0.00021872887,0.00013539672,9.8711024e-05,-5.4911573e-06,-7.2218599e-05,-3.6137301e-05,-0.00025140162,4.5493398e-05,0.0040192169,0.0019418659,0.00022292257,0.00032447199,0.00023375854,-3.3628496e-05,0.00028908166,-0.00011258201,2.7090942e-06,0.00027473131,0.00024385241,-0.00012372494,-4.5536874e-05,-3.4357591e-05,-0.00020796391,0.00045480149,0.00027970758,5.2326979e-05,0.00024311537
"sick_leaveUnlimited",8.2685392e-05,0.00049483793,0.00045793887,0.00045576499,0.00046213675,5.9175626e-05,3.6966598e-05,-0.00011728474,-0.00010413412,-1.9629037e-05,4.0575108e-05,-0.00022832788,0.00011216165,2.5489804e-05,0.00014163087,-3.396522e-06,-6.6790219e-05,-5.6252311e-05,1.4967775e-05,7.7659936e-05,0.00018658904,0.00020519322,4.1382844e-05,0.00012978232,-9.8153945e-05,0.00013933,-0.00021279899,1.6979076e-05,0.0019418659,0.0038989691,0.00026568264,-4.068021e-05,8.4191225e-05,-0.00018070821,-0.00019298503,-0.00032489545,-0.00011172302,6.0332269e-05,-8.6143134e-06,-5.9137083e-05,-9.6611649e-05,1.0154082e-05,0.00016349505,0.00019386804,0.00020354242,0.00013703322,0.00023094352
"parental_leaveGenerous",-0.00023433815,-9.1445815e-05,-6.3948796e-05,5.8137302e-05,-0.00016685463,-0.00015432693,0.00019876298,0.00010168214,0.00015979551,0.00022821581,-9.7042873e-05,-0.00020752092,-7.2864985e-05,-2.1032421e-05,6.3879101e-06,-3.0269467e-06,-6.7974609e-05,-8.3009817e-05,-4.6540071e-05,-2.2435648e-06,-2.9605685e-05,-7.8900279e-05,9.3610027e-05,4.0471782e-05,0.00011411514,0.00020125756,-0.00012246655,-7.3162668e-05,0.00022292257,0.00026568264,0.0028517371,-0.00023113226,2.7833329e-05,6.1419517e-05,-0.00014544212,-0.00014177388,-2.9862609e-05,-4.0045929e-05,-7.7434898e-05,-0.00011569495,0.00010556152,0.00015644147,4.6673895e-05,-3.7346813e-05,0.00016443456,5.9920951e-05,7.2074395e-05
"hours50",7.9496958e-05,-6.1355819e-05,-0.0004379356,3.9831637e-05,-6.2862715e-05,0.00010851937,5.8890804e-05,7.3725482e-05,0.00016159726,0.00025538337,-0.00010377795,4.9404347e-05,-0.00024877657,-0.00049968585,-0.00011934754,-0.000133239,-6.1159914e-05,0.00026588251,-0.00014491917,8.2018078e-05,0.00028281755,6.2198374e-05,3.7209441e-08,-0.00013066681,-0.00016142868,-0.00025621787,-0.00022769563,-0.0002348197,0.00032447199,-4.068021e-05,-0.00023113226,0.0067568684,0.003579936,0.0038324353,0.0035671844,0.00019583159,0.00012769666,7.9940194e-05,7.2606781e-05,-0.000117469,2.6152917e-05,-1.8839663e-05,-0.00012173042,4.840257e-05,0.00035051466,-5.5283185e-05,-0.00015644969
"hours60",-0.00011893834,-0.0001517015,-0.00056948926,-3.37184e-05,-0.00011854506,-3.8905604e-05,-0.00050924129,-0.0001368154,-0.00015555748,-4.9347638e-05,-0.0001912812,1.9256009e-05,-8.4902836e-05,-0.00026371497,0.00012386075,-0.00033670147,-0.00028477836,-4.602645e-05,-4.1515159e-05,3.1338107e-05,0.00029861341,-0.00010017526,-0.00032818814,-0.00038481482,-0.00015535137,-0.00014633571,-0.00013022035,-0.00035069196,0.00023375854,8.4191225e-05,2.7833329e-05,0.003579936,0.0067425001,0.0034339174,0.0037042994,0.00017838456,0.0003000396,-3.3168028e-05,-7.4651127e-05,-0.00020631484,-4.6125259e-05,0.0001064788,0.00025242491,-0.00016655595,-2.59927e-05,-0.00037207796,-0.0002980971
"hours70",1.0064805e-05,0.0002393693,-0.00030506605,0.00026759694,0.00010047958,3.024263e-05,1.4858152e-05,-0.00040408168,3.388128e-05,6.1557485e-05,-8.3558474e-05,0.00015848995,-3.9014851e-05,-0.00030348107,3.5378636e-05,0.00010900731,-0.00027143039,-1.9364211e-05,-0.0003143343,3.1633851e-05,0.00037328901,0.00016462781,-0.00043700791,-0.00033322666,0.00024329742,9.930374e-05,5.4049361e-05,-0.00019811642,-3.3628496e-05,-0.00018070821,6.1419517e-05,0.0038324353,0.0034339174,0.0067961641,0.0039265285,0.00023773488,0.00034325998,-1.1489312e-07,-6.9177885e-06,-0.00034883614,-7.5151765e-05,0.00016972479,5.7820903e-05,0.00010114276,-4.80544e-05,-0.00020383682,-0.00043442057
"hours80",0.00014491386,1.4113463e-05,-0.00054652062,-8.5327643e-06,3.8637935e-07,2.5774723e-05,-0.00011423217,-0.00018228022,-7.9831747e-05,1.1955478e-05,5.8213487e-06,9.3308249e-05,-0.00014402088,-0.00034014641,9.6788584e-05,-0.00032730292,-0.00010273171,-0.0001382271,-0.00022173561,-0.0002449527,0.00014779433,0.00015438996,-5.6725211e-05,-0.00034885601,8.6397407e-05,-1.1895097e-05,9.5703531e-05,-0.00010411135,0.00028908166,-0.00019298503,-0.00014544212,0.0035671844,0.0037042994,0.0039265285,0.0073133671,0.0005308688,0.00054008499,2.6532838e-06,-8.6498731e-05,-0.00018880673,5.2777914e-05,-0.00013881904,-7.5336055e-06,0.00014167479,2.5076263e-05,-0.00015592267,-0.00056681052
"locationDifferent city",0.00020221268,-0.00026303089,0.00013636518,-0.00013433414,-0.00015090343,-2.6496848e-05,0.00031934404,0.00010928974,0.0002257809,0.00019933208,4.5110364e-05,-1.4960646e-06,4.8253638e-05,-0.00019907748,-0.00014874491,0.00015962561,1.7753916e-05,7.1454932e-05,0.00017908054,3.0486577e-05,9.372228e-05,-0.00014472206,6.5583597e-05,7.8936513e-06,0.00018866474,1.1809248e-05,-7.9024026e-06,-6.4620602e-05,-0.00011258201,-0.00032489545,-0.00014177388,0.00019583159,0.00017838456,0.00023773488,0.0005308688,0.0038104688,0.0016436395,2.0935204e-05,-7.8257359e-06,0.00024131837,-1.3371566e-05,0.00018304135,7.6878133e-05,-0.00010984203,-0.00038389976,-3.9942397e-05,-0.00016391225
"locationDifferent city, pays to relocate",-0.0001623389,-0.00019046145,-0.0002590839,-0.00021782683,-0.00035410066,-4.5630126e-05,-2.8134797e-05,0.00012036337,-3.55718e-05,9.1484501e-05,2.0395928e-05,-2.2941652e-05,2.9447463e-05,-0.00015814889,-0.00012470641,0.00012064794,4.030737e-05,6.4090064e-05,0.00015530182,0.00010093536,0.00012643295,-4.3172686e-05,3.4910819e-05,2.4516182e-05,-8.5283736e-05,-0.00019523504,-9.3881349e-05,-0.00024484691,2.7090942e-06,-0.00011172302,-2.9862609e-05,0.00012769666,0.0003000396,0.00034325998,0.00054008499,0.0016436395,0.003462606,-5.4493421e-05,6.81125e-06,-5.1735034e-05,-0.00016464537,0.00010501977,0.00011723171,8.5967486e-05,-0.00019735149,-0.00023317939,1.2045732e-05
"remoteSometimes",9.5432636e-05,0.00016340678,-5.0681792e-06,1.0900327e-05,3.0216418e-06,-1.2573187e-05,-6.4884394e-05,-4.1093508e-05,-9.3104193e-05,0.00010983129,3.4035596e-05,0.00020548284,0.00031073688,0.00029780316,0.00015615588,0.00011042503,0.0002961148,0.00012592154,-2.6405959e-05,0.00014312069,-7.3021957e-05,7.3727508e-05,2.6113304e-05,-0.00019140487,-9.9216665e-05,-5.715049e-05,-0.00020745603,1.6145948e-05,0.00027473131,6.0332269e-05,-4.0045929e-05,7.9940194e-05,-3.3168028e-05,-1.1489312e-07,2.6532838e-06,2.0935204e-05,-5.4493421e-05,0.0037636948,0.0020343082,3.356636e-06,-2.7107308e-05,2.1397679e-05,8.5116543e-07,7.8929412e-05,0.00011442169,0.0003039888,5.2218353e-05
"remotePrimarily",0.00027083736,-3.3614944e-05,0.00018602993,6.1367303e-05,8.3198685e-05,1.7235957e-05,9.4746074e-05,-4.7434334e-05,6.3250494e-05,0.00032027305,-0.0003205843,-0.00031867622,0.00039589537,0.00029826939,0.00021587177,5.0912106e-05,0.00021653828,1.0951333e-06,-4.7535944e-06,-2.1006338e-05,-2.7989963e-05,5.0263739e-05,-9.3379356e-05,-0.0003110663,-3.8292585e-05,5.5041093e-05,8.2236467e-06,5.3721502e-06,0.00024385241,-8.6143134e-06,-7.7434898e-05,7.2606781e-05,-7.4651127e-05,-6.9177885e-06,-8.6498731e-05,-7.8257359e-06,6.81125e-06,0.0020343082,0.0038344172,-0.00030986999,-0.00020213791,-9.3000455e-05,-0.00015790436,0.00017929284,7.5850163e-05,0.00022825463,0.00013176868
"work_typeMix",9.3963044e-05,6.9686799e-05,0.00024780619,0.00016829449,0.00021522871,-1.6874291e-05,5.6630419e-05,-0.00026605976,-8.9309367e-05,-2.1947427e-05,0.00035503009,-2.5785166e-05,0.00011715448,-2.3574733e-05,0.00017438655,0.00017011743,-0.00030168677,7.5557257e-05,3.3135149e-05,-2.9537175e-06,-1.8193582e-05,-2.4567054e-06,0.00010928298,-0.00012613446,0.00059085617,0.0001580576,0.00020735545,0.00042939782,-0.00012372494,-5.9137083e-05,-0.00011569495,-0.000117469,-0.00020631484,-0.00034883614,-0.00018880673,0.00024131837,-5.1735034e-05,3.356636e-06,-0.00030986999,0.0040092598,0.0018696451,0.00011444979,8.1025656e-05,1.8946358e-05,-0.00011007773,0.00010456355,0.00014590852
"work_typeCreative",-0.0001840923,-0.00010898532,0.00010204103,0.00010187375,8.8157027e-05,-0.00010529235,0.00016395103,-3.1799083e-05,4.3600475e-05,-6.9896221e-07,4.9725658e-05,1.6814027e-05,0.00017415152,1.9502679e-05,0.00021209805,9.3990416e-05,-2.2630111e-05,2.9517962e-05,4.9752471e-05,-0.00020742141,-0.00024169062,-0.0001572963,-3.8558444e-05,-2.9127311e-05,6.8934138e-05,-0.00013982617,-5.6339191e-05,-0.00043784673,-4.5536874e-05,-9.6611649e-05,0.00010556152,2.6152917e-05,-4.6125259e-05,-7.5151765e-05,5.2777914e-05,-1.3371566e-05,-0.00016464537,-2.7107308e-05,-0.00020213791,0.0018696451,0.0037993796,0.00010990185,-0.00015694073,0.00018641427,-0.00012091536,6.8905207e-05,0.00013285664
"teamworkMix",-0.00046687712,-0.0005839621,-0.00016286118,-0.00039782019,-0.00064829824,-0.00013857333,-6.1205075e-05,-0.00026168303,-0.00017562866,-0.0001364666,0.00019128676,-7.0538053e-05,8.5098136e-05,-5.0831643e-05,9.4910261e-05,0.00010314312,-5.228289e-05,-0.00017751063,-0.00013523629,-0.00011667419,-2.4905568e-05,-0.00021977111,4.514199e-05,-3.3444189e-06,-0.0003114584,-0.00012429194,-0.00017169308,-0.00038848564,-3.4357591e-05,1.0154082e-05,0.00015644147,-1.8839663e-05,0.0001064788,0.00016972479,-0.00013881904,0.00018304135,0.00010501977,2.1397679e-05,-9.3000455e-05,0.00011444979,0.00010990185,0.0039392211,0.0021487734,0.00016019917,4.8595743e-05,0.00010162129,-0.00010715453
"teamworkMostly team",-0.00025779971,-0.00037631133,-0.00011783786,-0.0004809288,-0.00057659496,3.6281801e-05,0.00019406621,-7.2228116e-05,-0.00013327953,-5.945323e-05,0.00015565021,3.3582424e-05,6.2314035e-06,4.7742838e-05,0.00021835813,0.00015535434,-8.6392036e-06,6.6611874e-05,-8.5797109e-05,-0.00014641461,-0.00017795889,-0.00017883701,0.00024220129,3.6109659e-06,-0.00038225651,1.7346768e-05,-0.00015353105,-0.00022257504,-0.00020796391,0.00016349505,4.6673895e-05,-0.00012173042,0.00025242491,5.7820903e-05,-7.5336055e-06,7.6878133e-05,0.00011723171,8.5116543e-07,-0.00015790436,8.1025656e-05,-0.00015694073,0.0021487734,0.0041760374,-6.5895098e-06,-0.00012415929,-3.0277444e-05,-8.5953549e-05
"cultureSomewhat unfriendly",0.00022170631,0.00020709688,0.00015212631,0.00049652291,0.00017739899,-6.644366e-05,-2.8387959e-06,-8.9846551e-05,-4.6864228e-05,3.8644877e-05,3.0492654e-05,-0.00014319199,-6.9233729e-05,4.9050654e-05,0.00015636456,0.00012372525,-3.598326e-05,0.00012566032,-0.0003894197,0.00021893015,0.0002827961,0.00013177517,-0.00011013838,-3.9851933e-05,-0.0004547267,-0.00050367192,-0.00052533991,-0.0003565677,0.00045480149,0.00019386804,-3.7346813e-05,4.840257e-05,-0.00016655595,0.00010114276,0.00014167479,-0.00010984203,8.5967486e-05,7.8929412e-05,0.00017929284,1.8946358e-05,0.00018641427,0.00016019917,-6.5895098e-06,0.0049565674,0.0024552228,0.0025783768,-0.00014568971
"cultureSomewhat friendly",0.00012554204,0.00027591772,0.00049558872,0.00050740966,0.00013231558,-0.0001950324,1.8587747e-06,-1.4203082e-05,-2.3247723e-07,-0.000218664,-0.00010432808,-0.00024792559,-0.00028227338,-7.6452302e-05,-5.5982999e-05,0.00016640816,8.0836558e-05,9.0543761e-05,-0.00031228647,0.00028711156,0.00022893536,-0.00012597423,0.00012489555,8.9963676e-05,-0.00037970369,-0.00019222259,-0.00011593011,0.00016397651,0.00027970758,0.00020354242,0.00016443456,0.00035051466,-2.59927e-05,-4.80544e-05,2.5076263e-05,-0.00038389976,-0.00019735149,0.00011442169,7.5850163e-05,-0.00011007773,-0.00012091536,4.8595743e-05,-0.00012415929,0.0024552228,0.0051142291,0.0028911553,0.00024497194
"cultureGenerally friendly",0.00047540715,0.00033975836,0.00050407813,0.00066780806,0.0002005938,-7.0576589e-06,-3.2284259e-05,3.7931183e-05,1.6931371e-05,-0.00015883072,0.00015062773,-0.00012571124,-0.00021449005,0.00029339318,7.5542448e-06,0.00017371628,4.422895e-05,1.8284498e-05,-0.00034756844,2.1818807e-05,1.5476119e-05,-0.00037795623,0.00028194298,0.00012092031,-0.00042035185,-0.00016215812,-0.0002205488,-0.00016520204,5.2326979e-05,0.00013703322,5.9920951e-05,-5.5283185e-05,-0.00037207796,-0.00020383682,-0.00015592267,-3.9942397e-05,-0.00023317939,0.0003039888,0.00022825463,0.00010456355,6.8905207e-05,0.00010162129,-3.0277444e-05,0.0025783768,0.0028911553,0.0056331273,0.0001656507
"log_salary",-7.7529083e-05,0.00021525028,0.0003477258,0.00026673958,0.00015336647,7.0829976e-05,-0.00022984885,-0.0001750416,-6.7023553e-05,-0.00012861516,6.3720086e-05,-7.8691653e-05,1.2802615e-05,0.00018793789,4.4682759e-05,0.00033608597,0.00029060741,0.00014372699,7.3408401e-05,-0.00021497292,-2.4847535e-05,-2.7162277e-05,0.0003101249,0.00031555357,0.00011175047,0.00023178422,0.00030282028,0.00051583155,0.00024311537,0.00023094352,7.2074395e-05,-0.00015644969,-0.0002980971,-0.00043442057,-0.00056681052,-0.00016391225,1.2045732e-05,5.2218353e-05,0.00013176868,0.00014590852,0.00013285664,-0.00010715453,-8.5953549e-05,-0.00014568971,0.00024497194,0.0001656507,0.002390554
